model,cohort,roc_auc_mean,roc_auc_std,pr_auc_mean,accuracy_mean,f1_mean,sensitivity_mean,specificity_mean,brier_mean,ece_mean
Centralized LR,CGGA_external_val,0.856910569105691,0.04946820253270303,0.9621415374607569,0.852,0.9076894921457983,0.8878048780487806,0.6888888888888889,0.10901025381048284,0.12808184682019702
Centralized LR,TCGA_test,0.9997164461247637,0.0004226971602078836,0.9999296196922577,0.9930434782608696,0.995616405452471,0.9913043478260869,1.0,0.02099500250302766,0.09373795054253513
Centralized LR,UPenn_external_test,0.766013071895425,0.010049351713519623,0.9686195001700909,0.7824561403508772,0.8713688620249231,0.8235294117647058,0.4333333333333333,0.16542841010543036,0.1805138287206416
Centralized MLP,CGGA_external_val,0.8157181571815718,0.057520285302957004,0.944689279411714,0.8480000000000001,0.9090568601361986,0.921951219512195,0.5111111111111111,0.1151303489596388,0.10034613397292573
Centralized MLP,TCGA_test,0.999054820415879,0.0008841345431885783,0.9997631632516383,0.9739130434782609,0.9834734493334258,0.9717391304347827,0.9826086956521738,0.022999633054734812,0.07361909274947118
Centralized MLP,UPenn_external_test,0.6700980392156863,0.052087418140471374,0.9484080151088501,0.7947368421052632,0.8806914293045953,0.8470588235294118,0.35,0.17290183308161516,0.17806204994269592
Centralized RF,CGGA_external_val,0.8476964769647697,0.04769185737668171,0.958832591975612,0.86,0.9145742759397377,0.9121951219512194,0.6222222222222221,0.11395673796935539,0.13149001965386328
Centralized RF,TCGA_test,1.0,0.0,1.0,1.0,1.0,1.0,1.0,0.026857235642231893,0.13484321977421623
Centralized RF,UPenn_external_test,0.7490196078431373,0.02059082876081488,0.9640261043419465,0.7964912280701755,0.8817791732077446,0.8490196078431372,0.35,0.14667355363964346,0.18635948585106624
Centralized XGBoost,CGGA_external_val,0.8634146341463416,0.034096836829380125,0.9640523560009688,0.8480000000000001,0.908362369337979,0.9170731707317075,0.5333333333333333,0.10996248727413227,0.10044813511148099
Centralized XGBoost,TCGA_test,1.0,0.0,1.0,0.9965217391304348,0.9978142076502732,0.9956521739130434,1.0,0.015884271665935385,0.0893962097313741
Centralized XGBoost,UPenn_external_test,0.7209150326797386,0.0327592985789535,0.9540187523709784,0.8087719298245615,0.8899446309321517,0.8647058823529411,0.3333333333333333,0.14406260481730063,0.14206931530906444
Client DP (sigma=0.05),CGGA_external_val,0.8357723577235774,0.043301111181320656,0.9499427183355497,0.868,0.9202631769759501,0.9268292682926829,0.6,0.11019096470897582,0.12215686519859244
Client DP (sigma=0.05),TCGA_test,1.0,0.0,1.0,1.0,1.0,1.0,1.0,0.0006006223535490586,0.011453685924063022
Client DP (sigma=0.05),UPenn_external_test,0.7387254901960785,0.01628257930503671,0.9634774141019674,0.7912280701754386,0.8783380206904463,0.8431372549019608,0.35,0.1678573755879568,0.1772455563678717
Client DP (sigma=0.10),CGGA_external_val,0.8336043360433605,0.0451689249864513,0.9484623800740477,0.852,0.9077865802989828,0.8926829268292682,0.6666666666666666,0.12068434962726778,0.14061787958209743
Client DP (sigma=0.10),TCGA_test,1.0,0.0,1.0,0.9982608695652175,0.998918918918919,1.0,0.9913043478260869,0.0027448260155064565,0.019990787688100718
Client DP (sigma=0.10),UPenn_external_test,0.7393790849673203,0.005975792009120842,0.9635989666993744,0.7912280701754386,0.8785023528687523,0.8450980392156863,0.3333333333333333,0.16232984764537112,0.16945085633276458
Client DP (sigma=0.20),CGGA_external_val,0.791869918699187,0.04860703881793447,0.9370657001414961,0.8039999999999999,0.8781189133972915,0.8634146341463416,0.5333333333333333,0.14334305126549163,0.15776461079902662
Client DP (sigma=0.20),TCGA_test,0.9975425330812854,0.005495063082702712,0.999291675087281,0.9965217391304348,0.9978378378378379,1.0,0.9826086956521738,0.008420802796252578,0.02824590585757971
Client DP (sigma=0.20),UPenn_external_test,0.7209150326797386,0.009625278741845184,0.9568237380791806,0.8017543859649123,0.8851886619544344,0.8549019607843137,0.35,0.1622395079760949,0.15951459005235166
FedAvg MLP,CGGA_external_val,0.8563685636856369,0.04132235957175314,0.9611579447830246,0.8640000000000001,0.9175914394447062,0.921951219512195,0.6,0.11328430851903457,0.12303670511883662
FedAvg MLP,TCGA_test,1.0,0.0,1.0,1.0,1.0,1.0,1.0,0.0009286011998864971,0.011682029489630789
FedAvg MLP,UPenn_external_test,0.723202614379085,0.007694499789523568,0.9603060588385652,0.8035087719298245,0.8864060683495056,0.8568627450980392,0.35,0.16885378797917028,0.1636108420436068
FedProx MLP (mu=0.01),CGGA_external_val,0.8547425474254743,0.04553329436149531,0.9584367186912683,0.868,0.9212637683799807,0.9365853658536585,0.5555555555555556,0.09789489548302956,0.10365938748335957
FedProx MLP (mu=0.01),TCGA_test,1.0,0.0,1.0,0.9965217391304348,0.9978142076502732,0.9956521739130434,1.0,0.006662564180208207,0.03947006752882318
FedProx MLP (mu=0.01),UPenn_external_test,0.7160130718954248,0.006238107571510133,0.9586296171429745,0.7982456140350878,0.8832372204380906,0.8529411764705882,0.3333333333333333,0.1664153389862553,0.14949732855613423
Patient DP (sigma=0.05),CGGA_external_val,0.8471544715447156,0.04300327156673523,0.9575124645742601,0.876,0.9246715706487182,0.9268292682926829,0.6444444444444445,0.11007293555966428,0.12517223689796858
Patient DP (sigma=0.05),TCGA_test,1.0,0.0,1.0,1.0,1.0,1.0,1.0,0.0005230773439004909,0.009932758568149586
Patient DP (sigma=0.05),UPenn_external_test,0.7245098039215687,0.017630787100003414,0.9609942574010455,0.8017543859649123,0.8850397688686303,0.8529411764705882,0.36666666666666664,0.16898906422091237,0.17065473401752557
Patient DP (sigma=0.10),CGGA_external_val,0.8357723577235774,0.043301111181320656,0.9499427183355497,0.868,0.9202631769759501,0.9268292682926829,0.6,0.11019096470897582,0.12215686519859244
Patient DP (sigma=0.10),TCGA_test,1.0,0.0,1.0,1.0,1.0,1.0,1.0,0.0006006223535490586,0.011453685924063022
Patient DP (sigma=0.10),UPenn_external_test,0.7387254901960785,0.01628257930503671,0.9634774141019674,0.7912280701754386,0.8783380206904463,0.8431372549019608,0.35,0.1678573755879568,0.1772455563678717
Patient DP (sigma=0.20),CGGA_external_val,0.8336043360433605,0.0451689249864513,0.9484623800740477,0.852,0.9077865802989828,0.8926829268292682,0.6666666666666666,0.12068434962726778,0.14061787958209743
Patient DP (sigma=0.20),TCGA_test,1.0,0.0,1.0,0.9982608695652175,0.998918918918919,1.0,0.9913043478260869,0.0027448260155064565,0.019990787688100718
Patient DP (sigma=0.20),UPenn_external_test,0.7393790849673203,0.005975792009120842,0.9635989666993744,0.7912280701754386,0.8785023528687523,0.8450980392156863,0.3333333333333333,0.16232984764537112,0.16945085633276458
