model,seed,cohort,roc_auc,pr_auc,accuracy,f1,sensitivity,specificity,brier_score,ece
Centralized LR,42,TCGA_test,1.0,1.0,0.991304347826087,0.994535519125683,0.9891304347826086,1.0,0.02068729280415819,0.09537777501081318
Centralized LR,42,UPenn_external_test,0.7671568627450982,0.9690086456681926,0.7719298245614035,0.865979381443299,0.8235294117647058,0.3333333333333333,0.1667623224007258,0.18159771810897615
Centralized LR,42,CGGA_external_val,0.8211382113821138,0.9471215029038029,0.82,0.8860759493670886,0.8536585365853658,0.6666666666666666,0.1115979277547998,0.12933727217066138
Centralized RF,42,TCGA_test,1.0,1.0,1.0,1.0,1.0,1.0,0.02539718675756983,0.13400014363980722
Centralized RF,42,UPenn_external_test,0.7565359477124184,0.9646834262779611,0.8245614035087719,0.9,0.8823529411764706,0.3333333333333333,0.14462818552385875,0.1861230978128692
Centralized RF,42,CGGA_external_val,0.8211382113821138,0.9451975751443162,0.86,0.9135802469135802,0.9024390243902439,0.6666666666666666,0.10793704110020745,0.11607656796470717
Centralized XGBoost,42,TCGA_test,1.0,1.0,0.991304347826087,0.994535519125683,0.9891304347826086,1.0,0.013392092715872772,0.08125559737824878
Centralized XGBoost,42,UPenn_external_test,0.7508169934640524,0.9600290150395682,0.8157894736842105,0.8955223880597015,0.8823529411764706,0.25,0.1420754210974115,0.1405510574644595
Centralized XGBoost,42,CGGA_external_val,0.8563685636856369,0.9580236249991656,0.88,0.926829268292683,0.926829268292683,0.6666666666666666,0.1013680748484048,0.12060214083641772
Centralized MLP,42,TCGA_test,1.0,1.0,0.991304347826087,0.994535519125683,0.9891304347826086,1.0,0.01695211338472504,0.06786980454283532
Centralized MLP,42,UPenn_external_test,0.7459150326797387,0.9665681009909558,0.7982456140350878,0.8844221105527639,0.8627450980392157,0.25,0.1666699787101885,0.1561927916001648
Centralized MLP,42,CGGA_external_val,0.8292682926829269,0.9435169204013152,0.88,0.926829268292683,0.926829268292683,0.6666666666666666,0.09383999686695145,0.08567135220766288
FedAvg MLP,42,TCGA_test,1.0,1.0,1.0,1.0,1.0,1.0,0.00033796759752549257,0.009777072278101012
FedAvg MLP,42,UPenn_external_test,0.7238562091503268,0.9617156031892302,0.7982456140350878,0.883248730964467,0.8529411764705882,0.3333333333333333,0.17324121845737683,0.17084339991020162
FedAvg MLP,42,CGGA_external_val,0.8536585365853658,0.9579068077212411,0.86,0.9135802469135802,0.9024390243902439,0.6666666666666666,0.1124443507448372,0.11570702342694825
FedProx MLP (mu=0.01),42,TCGA_test,1.0,1.0,1.0,1.0,1.0,1.0,0.0042455972822153295,0.035888450216238224
FedProx MLP (mu=0.01),42,UPenn_external_test,0.7189542483660131,0.9605182031952475,0.7982456140350878,0.883248730964467,0.8529411764705882,0.3333333333333333,0.16655559464571992,0.16423866607544912
FedProx MLP (mu=0.01),42,CGGA_external_val,0.8699186991869919,0.963005931929312,0.88,0.926829268292683,0.926829268292683,0.6666666666666666,0.08564052161914937,0.08877233274526983
Patient DP (sigma=0.05),42,TCGA_test,1.0,1.0,1.0,1.0,1.0,1.0,0.000654336481374021,0.012015990164356257
Patient DP (sigma=0.05),42,UPenn_external_test,0.7369281045751634,0.96361409765319,0.8070175438596491,0.8877551020408163,0.8529411764705882,0.4166666666666667,0.16166964307610981,0.15879878229056926
Patient DP (sigma=0.05),42,CGGA_external_val,0.8102981029810299,0.9342705833053595,0.9,0.9397590361445783,0.9512195121951219,0.6666666666666666,0.09496264760416356,0.11600257656514554
Client DP (sigma=0.05),42,TCGA_test,1.0,1.0,1.0,1.0,1.0,1.0,0.000863019988571135,0.013495039036008542
Client DP (sigma=0.05),42,UPenn_external_test,0.7393790849673203,0.9629679122416056,0.8070175438596491,0.8888888888888888,0.8627450980392157,0.3333333333333333,0.14941684827887422,0.1601778811134849
Client DP (sigma=0.05),42,CGGA_external_val,0.7994579945799458,0.9209624145093858,0.9,0.9397590361445783,0.9512195121951219,0.6666666666666666,0.09453754868604289,0.09628807386998764
Patient DP (sigma=0.10),42,TCGA_test,1.0,1.0,1.0,1.0,1.0,1.0,0.000863019988571135,0.013495039036008542
Patient DP (sigma=0.10),42,UPenn_external_test,0.7393790849673203,0.9629679122416056,0.8070175438596491,0.8888888888888888,0.8627450980392157,0.3333333333333333,0.14941684827887422,0.1601778811134849
Patient DP (sigma=0.10),42,CGGA_external_val,0.7994579945799458,0.9209624145093858,0.9,0.9397590361445783,0.9512195121951219,0.6666666666666666,0.09453754868604289,0.09628807386998764
Client DP (sigma=0.10),42,TCGA_test,1.0,1.0,1.0,1.0,1.0,1.0,0.0009165029206045374,0.013805568806540377
Client DP (sigma=0.10),42,UPenn_external_test,0.7320261437908496,0.9631796228601488,0.7894736842105263,0.8787878787878788,0.8529411764705882,0.25,0.1471903918128986,0.15542858388460237
Client DP (sigma=0.10),42,CGGA_external_val,0.7940379403794039,0.9211198212665055,0.9,0.9397590361445783,0.9512195121951219,0.6666666666666666,0.09958217308453345,0.12167103827309003
Patient DP (sigma=0.20),42,TCGA_test,1.0,1.0,1.0,1.0,1.0,1.0,0.0009165029206045374,0.013805568806540377
Patient DP (sigma=0.20),42,UPenn_external_test,0.7320261437908496,0.9631796228601488,0.7894736842105263,0.8787878787878788,0.8529411764705882,0.25,0.1471903918128986,0.15542858388460237
Patient DP (sigma=0.20),42,CGGA_external_val,0.7940379403794039,0.9211198212665055,0.9,0.9397590361445783,0.9512195121951219,0.6666666666666666,0.09958217308453345,0.12167103827309003
Client DP (sigma=0.20),42,TCGA_test,1.0,1.0,1.0,1.0,1.0,1.0,9.233337088333385e-05,0.003545742070927561
Client DP (sigma=0.20),42,UPenn_external_test,0.7328431372549019,0.9619720923407649,0.8245614035087719,0.9,0.8823529411764706,0.3333333333333333,0.14541253929077447,0.14871407161532582
Client DP (sigma=0.20),42,CGGA_external_val,0.7831978319783198,0.9189567615396355,0.88,0.926829268292683,0.926829268292683,0.6666666666666666,0.09600527612470731,0.12179225876168409
Centralized LR,123,TCGA_test,1.0,1.0,1.0,1.0,1.0,1.0,0.017299822631134575,0.09506694506166688
Centralized LR,123,UPenn_external_test,0.7516339869281046,0.9661353757102217,0.7807017543859649,0.8704663212435233,0.8235294117647058,0.4166666666666667,0.1736810518847001,0.18937212573521922
Centralized LR,123,CGGA_external_val,0.8807588075880759,0.9718980574261793,0.84,0.9,0.8780487804878049,0.6666666666666666,0.10725690563968049,0.1539276920450715
Centralized RF,123,TCGA_test,1.0,1.0,1.0,1.0,1.0,1.0,0.024910539607241742,0.13470561979361034
Centralized RF,123,UPenn_external_test,0.7459150326797386,0.9637550816182789,0.7807017543859649,0.8717948717948718,0.8333333333333334,0.3333333333333333,0.15148394767363751,0.19491114534678944
Centralized RF,123,CGGA_external_val,0.8455284552845529,0.9655630198007437,0.82,0.891566265060241,0.9024390243902439,0.4444444444444444,0.12221199543804344,0.137130542201219
Centralized XGBoost,123,TCGA_test,1.0,1.0,1.0,1.0,1.0,1.0,0.014183358067289067,0.08988115515397944
Centralized XGBoost,123,UPenn_external_test,0.7058823529411765,0.9502565506507655,0.7894736842105263,0.8775510204081632,0.8431372549019608,0.3333333333333333,0.15168528911400336,0.15537801742749774
Centralized XGBoost,123,CGGA_external_val,0.8807588075880759,0.9744898080915914,0.8,0.8780487804878049,0.8780487804878049,0.4444444444444444,0.12553868955472255,0.15343158379197122
Centralized MLP,123,TCGA_test,1.0,1.0,0.9652173913043478,0.9777777777777777,0.9565217391304348,1.0,0.02285624979953376,0.08039022358564021
Centralized MLP,123,UPenn_external_test,0.6102941176470589,0.9374167686142612,0.7631578947368421,0.8615384615384616,0.8235294117647058,0.25,0.18166956771709236,0.18508433076649564
Centralized MLP,123,CGGA_external_val,0.8021680216802168,0.9474148956245299,0.8,0.8780487804878049,0.8780487804878049,0.4444444444444444,0.14428944851529113,0.1332680535507882
FedAvg MLP,123,TCGA_test,1.0,1.0,1.0,1.0,1.0,1.0,0.0005805778329038761,0.011023776786342714
FedAvg MLP,123,UPenn_external_test,0.7238562091503268,0.9597582147564028,0.8070175438596491,0.8888888888888888,0.8627450980392157,0.3333333333333333,0.16093780377256578,0.14631250275597463
FedAvg MLP,123,CGGA_external_val,0.8482384823848238,0.9645933958976449,0.82,0.891566265060241,0.9024390243902439,0.4444444444444444,0.145385473295274,0.1726064887623731
FedProx MLP (mu=0.01),123,TCGA_test,1.0,1.0,1.0,1.0,1.0,1.0,0.005590157781965655,0.039875504569107934
FedProx MLP (mu=0.01),123,UPenn_external_test,0.7058823529411765,0.9570052950266411,0.7894736842105263,0.8775510204081632,0.8431372549019608,0.3333333333333333,0.1669667775945553,0.15588025408938772
FedProx MLP (mu=0.01),123,CGGA_external_val,0.8401084010840109,0.954031397090739,0.84,0.9047619047619048,0.926829268292683,0.4444444444444444,0.11774374585649276,0.13420022203479678
Patient DP (sigma=0.05),123,TCGA_test,1.0,1.0,1.0,1.0,1.0,1.0,0.0004662045870980582,0.010418627657975209
Patient DP (sigma=0.05),123,UPenn_external_test,0.7050653594771242,0.9563864595770508,0.7982456140350878,0.883248730964467,0.8529411764705882,0.3333333333333333,0.17193236427302114,0.16308671675274938
Patient DP (sigma=0.05),123,CGGA_external_val,0.8346883468834688,0.9588564201722787,0.86,0.9156626506024096,0.926829268292683,0.5555555555555556,0.12192482087707153,0.1409096420102316
Client DP (sigma=0.05),123,TCGA_test,1.0,1.0,1.0,1.0,1.0,1.0,0.00036592311755957605,0.011083135673799129
Client DP (sigma=0.05),123,UPenn_external_test,0.7197712418300655,0.9600526609446511,0.7894736842105263,0.8787878787878788,0.8529411764705882,0.25,0.17465011211968065,0.16879565743207675
Client DP (sigma=0.05),123,CGGA_external_val,0.8292682926829269,0.9550538952350802,0.86,0.9176470588235294,0.9512195121951219,0.4444444444444444,0.1160283956285901,0.12101871287445651
Patient DP (sigma=0.10),123,TCGA_test,1.0,1.0,1.0,1.0,1.0,1.0,0.00036592311755957605,0.011083135673799129
Patient DP (sigma=0.10),123,UPenn_external_test,0.7197712418300655,0.9600526609446511,0.7894736842105263,0.8787878787878788,0.8529411764705882,0.25,0.17465011211968065,0.16879565743207675
Patient DP (sigma=0.10),123,CGGA_external_val,0.8292682926829269,0.9550538952350802,0.86,0.9176470588235294,0.9512195121951219,0.4444444444444444,0.1160283956285901,0.12101871287445651
Client DP (sigma=0.10),123,TCGA_test,1.0,1.0,1.0,1.0,1.0,1.0,0.0016133024817653113,0.022100792357536557
Client DP (sigma=0.10),123,UPenn_external_test,0.7361111111111112,0.964191858236843,0.8157894736842105,0.8955223880597015,0.8823529411764706,0.25,0.16315455534337203,0.16375590012604863
Client DP (sigma=0.10),123,CGGA_external_val,0.8157181571815718,0.9500569491796165,0.86,0.9176470588235294,0.9512195121951219,0.4444444444444444,0.10911108249760866,0.14606749151810772
Patient DP (sigma=0.20),123,TCGA_test,1.0,1.0,1.0,1.0,1.0,1.0,0.0016133024817653113,0.022100792357536557
Patient DP (sigma=0.20),123,UPenn_external_test,0.7361111111111112,0.964191858236843,0.8157894736842105,0.8955223880597015,0.8823529411764706,0.25,0.16315455534337203,0.16375590012604863
Patient DP (sigma=0.20),123,CGGA_external_val,0.8157181571815718,0.9500569491796165,0.86,0.9176470588235294,0.9512195121951219,0.4444444444444444,0.10911108249760866,0.14606749151810772
Client DP (sigma=0.20),123,TCGA_test,1.0,1.0,1.0,1.0,1.0,1.0,0.020240471435260206,0.09292224855725621
Client DP (sigma=0.20),123,UPenn_external_test,0.7132352941176471,0.9586885076898963,0.7982456140350878,0.883248730964467,0.8529411764705882,0.3333333333333333,0.16209572957312207,0.1372156032325998
Client DP (sigma=0.20),123,CGGA_external_val,0.7533875338753387,0.9308737958909975,0.74,0.8354430379746836,0.8048780487804879,0.4444444444444444,0.1766594287107913,0.1871157259487793
Centralized LR,2024,TCGA_test,0.999054820415879,0.9997649755066367,0.9826086956521739,0.989010989010989,0.9782608695652174,1.0,0.02855219290585018,0.10773383020780637
Centralized LR,2024,UPenn_external_test,0.7794117647058825,0.9708273456384311,0.7894736842105263,0.875,0.8235294117647058,0.5,0.16174794543000579,0.1822303732678345
Centralized LR,2024,CGGA_external_val,0.9186991869918699,0.9772101987952305,0.9,0.9367088607594937,0.9024390243902439,0.8888888888888888,0.09130391601943379,0.1340277679078798
Centralized RF,2024,TCGA_test,1.0,1.0,1.0,1.0,1.0,1.0,0.03507979669625682,0.15294566455876038
Centralized RF,2024,UPenn_external_test,0.7802287581699348,0.9693475188125014,0.7894736842105263,0.8775510204081632,0.8431372549019608,0.3333333333333333,0.14482519106713765,0.18880380133242125
Centralized RF,2024,CGGA_external_val,0.9214092140921409,0.9753391907683242,0.94,0.9629629629629629,0.9512195121951219,0.8888888888888888,0.0883422018643079,0.16613611874196094
Centralized XGBoost,2024,TCGA_test,1.0,1.0,0.991304347826087,0.994535519125683,0.9891304347826086,1.0,0.023792097366191985,0.1085467147357438
Centralized XGBoost,2024,UPenn_external_test,0.7426470588235294,0.9614260798645179,0.7982456140350878,0.883248730964467,0.8529411764705882,0.3333333333333333,0.14531515055653035,0.14161875958374723
Centralized XGBoost,2024,CGGA_external_val,0.9078590785907859,0.9705020114407736,0.92,0.9512195121951219,0.9512195121951219,0.7777777777777778,0.07771279888101759,0.08779583036899569
Centralized MLP,2024,TCGA_test,0.9985822306238186,0.999645529735017,0.9739130434782609,0.9834254143646409,0.967391304347826,1.0,0.02726345312179981,0.08552445622672558
Centralized MLP,2024,UPenn_external_test,0.6936274509803922,0.9524808203967314,0.7982456140350878,0.883248730964467,0.8529411764705882,0.3333333333333333,0.16895756369765577,0.1486894590363464
Centralized MLP,2024,CGGA_external_val,0.907859078590786,0.9734786618937813,0.9,0.9382716049382716,0.926829268292683,0.7777777777777778,0.07508836570589897,0.08000973827656852
FedAvg MLP,2024,TCGA_test,1.0,1.0,1.0,1.0,1.0,1.0,0.0027637366198798212,0.018310419331748866
FedAvg MLP,2024,UPenn_external_test,0.7352941176470588,0.9623498738103066,0.8070175438596491,0.8888888888888888,0.8627450980392157,0.3333333333333333,0.16580012049507178,0.15787556243081488
FedAvg MLP,2024,CGGA_external_val,0.926829268292683,0.9772789615029299,0.96,0.975609756097561,0.975609756097561,0.8888888888888888,0.052203309678619476,0.06634252960389701
FedProx MLP (mu=0.01),2024,TCGA_test,1.0,1.0,1.0,1.0,1.0,1.0,0.00857911368603059,0.05085453984532001
FedProx MLP (mu=0.01),2024,UPenn_external_test,0.7222222222222222,0.9583969505732128,0.7982456140350878,0.883248730964467,0.8529411764705882,0.3333333333333333,0.16893821248943927,0.1378550733007668
FedProx MLP (mu=0.01),2024,CGGA_external_val,0.926829268292683,0.9772789615029299,0.94,0.9629629629629629,0.9512195121951219,0.8888888888888888,0.05505792755090754,0.04954548439004429
Patient DP (sigma=0.05),2024,TCGA_test,1.0,1.0,1.0,1.0,1.0,1.0,0.0009013191263830173,0.011731326825887688
Patient DP (sigma=0.05),2024,UPenn_external_test,0.7434640522875818,0.9647179444498137,0.7894736842105263,0.8775510204081632,0.8431372549019608,0.3333333333333333,0.17773367184109798,0.18076487947392963
Patient DP (sigma=0.05),2024,CGGA_external_val,0.9214092140921409,0.9768932856413468,0.9,0.9367088607594937,0.9024390243902439,0.8888888888888888,0.07979367142298406,0.07653158339591797
Client DP (sigma=0.05),2024,TCGA_test,1.0,1.0,1.0,1.0,1.0,1.0,0.0007273950606365222,0.013751229947748057
Client DP (sigma=0.05),2024,UPenn_external_test,0.744281045751634,0.9655872056597905,0.7543859649122807,0.8541666666666666,0.803921568627451,0.3333333333333333,0.185246936242293,0.19220845912646245
Client DP (sigma=0.05),2024,CGGA_external_val,0.910569105691057,0.9698051064046741,0.9,0.9367088607594937,0.9024390243902439,0.8888888888888888,0.08799151187874124,0.12512825154064292
Patient DP (sigma=0.10),2024,TCGA_test,1.0,1.0,1.0,1.0,1.0,1.0,0.0007273950606365222,0.013751229947748057
Patient DP (sigma=0.10),2024,UPenn_external_test,0.744281045751634,0.9655872056597905,0.7543859649122807,0.8541666666666666,0.803921568627451,0.3333333333333333,0.185246936242293,0.19220845912646245
Patient DP (sigma=0.10),2024,CGGA_external_val,0.910569105691057,0.9698051064046741,0.9,0.9367088607594937,0.9024390243902439,0.8888888888888888,0.08799151187874124,0.12512825154064292
Client DP (sigma=0.10),2024,TCGA_test,1.0,1.0,1.0,1.0,1.0,1.0,0.004676102047766592,0.035131375087478864
Client DP (sigma=0.10),2024,UPenn_external_test,0.7459150326797387,0.965120782276829,0.7807017543859649,0.8717948717948718,0.8333333333333334,0.3333333333333333,0.15984953550998549,0.1449937726428147
Client DP (sigma=0.10),2024,CGGA_external_val,0.907859078590786,0.9679687409568786,0.86,0.9090909090909091,0.8536585365853658,0.8888888888888888,0.09227537951775315,0.11748086479065221
Patient DP (sigma=0.20),2024,TCGA_test,1.0,1.0,1.0,1.0,1.0,1.0,0.004676102047766592,0.035131375087478864
Patient DP (sigma=0.20),2024,UPenn_external_test,0.7459150326797387,0.965120782276829,0.7807017543859649,0.8717948717948718,0.8333333333333334,0.3333333333333333,0.15984953550998549,0.1449937726428147
Patient DP (sigma=0.20),2024,CGGA_external_val,0.907859078590786,0.9679687409568786,0.86,0.9090909090909091,0.8536585365853658,0.8888888888888888,0.09227537951775315,0.11748086479065221
Client DP (sigma=0.20),2024,TCGA_test,1.0,1.0,0.991304347826087,0.9945945945945946,1.0,0.9565217391304348,0.006738645764331746,0.01308452178855134
Client DP (sigma=0.20),2024,UPenn_external_test,0.7099673202614379,0.9542127539168874,0.7631578947368421,0.8615384615384616,0.8235294117647058,0.25,0.18837529893680335,0.19923677630010556
Client DP (sigma=0.20),2024,CGGA_external_val,0.8644986449864499,0.9556659986136268,0.82,0.8860759493670886,0.8536585365853658,0.6666666666666666,0.11742461118596731,0.13854285938788105
Centralized LR,3407,TCGA_test,0.9995274102079396,0.9998831229546519,0.991304347826087,0.994535519125683,0.9891304347826086,1.0,0.021181830695075114,0.09032451524207892
Centralized LR,3407,UPenn_external_test,0.7630718954248367,0.9680312022338088,0.7807017543859649,0.8691099476439791,0.8137254901960784,0.5,0.16288362881253915,0.1785171887416427
Centralized LR,3407,CGGA_external_val,0.7940379403794038,0.9451324537355787,0.84,0.9,0.8780487804878049,0.6666666666666666,0.13024948036503603,0.11510361225929559
Centralized RF,3407,TCGA_test,1.0,1.0,1.0,1.0,1.0,1.0,0.027145797552393037,0.13639794935269714
Centralized RF,3407,UPenn_external_test,0.7344771241830065,0.9605225394777936,0.8070175438596491,0.8877551020408163,0.8529411764705882,0.4166666666666667,0.14427382173631814,0.18399484798065902
Centralized RF,3407,CGGA_external_val,0.7940379403794038,0.9404867579586014,0.84,0.9,0.8780487804878049,0.6666666666666666,0.13516933521181765,0.12283522208338168
Centralized XGBoost,3407,TCGA_test,1.0,1.0,1.0,1.0,1.0,1.0,0.015014839479239903,0.08759638036236816
Centralized XGBoost,3407,UPenn_external_test,0.670751633986928,0.9389549529675599,0.8157894736842105,0.8934010152284264,0.8627450980392157,0.4166666666666667,0.13918385885555792,0.14009262757016377
Centralized XGBoost,3407,CGGA_external_val,0.8157181571815718,0.9488658424408221,0.84,0.9047619047619048,0.926829268292683,0.4444444444444444,0.12439735106362182,0.060954576432704966
Centralized MLP,3407,TCGA_test,0.998109640831758,0.9995247567881571,0.9739130434782609,0.9836065573770492,0.9782608695652174,0.9565217391304348,0.023743005283020913,0.07541849902083021
Centralized MLP,3407,UPenn_external_test,0.6601307189542484,0.9415836128468966,0.8245614035087719,0.8979591836734694,0.8627450980392157,0.5,0.1659377527664755,0.20044308228799718
Centralized MLP,3407,CGGA_external_val,0.7615176151761518,0.9349988909125784,0.78,0.8735632183908046,0.926829268292683,0.1111111111111111,0.15325622851163892,0.12087194677954202
FedAvg MLP,3407,TCGA_test,1.0,1.0,1.0,1.0,1.0,1.0,0.0005443433474058611,0.01080941210388336
FedAvg MLP,3407,UPenn_external_test,0.7165032679738562,0.9580636599946053,0.8070175438596491,0.8877551020408163,0.8529411764705882,0.4166666666666667,0.17106531414575196,0.17224319028939836
FedAvg MLP,3407,CGGA_external_val,0.8238482384823849,0.9512184846736924,0.84,0.9024390243902439,0.9024390243902439,0.5555555555555556,0.12521434357441483,0.10599647205589334
FedProx MLP (mu=0.01),3407,TCGA_test,1.0,1.0,0.991304347826087,0.994535519125683,0.9891304347826086,1.0,0.00758741312333484,0.043502645802076335
FedProx MLP (mu=0.01),3407,UPenn_external_test,0.7148692810457516,0.9579402903668657,0.8070175438596491,0.8888888888888888,0.8627450980392157,0.3333333333333333,0.16232774538326022,0.14065121050574902
FedProx MLP (mu=0.01),3407,CGGA_external_val,0.8157181571815719,0.948303931299074,0.82,0.8941176470588236,0.926829268292683,0.3333333333333333,0.11922715109453766,0.10398217380889357
Patient DP (sigma=0.05),3407,TCGA_test,1.0,1.0,1.0,1.0,1.0,1.0,0.00044365116347642005,0.008831963801569054
Patient DP (sigma=0.05),3407,UPenn_external_test,0.7303921568627452,0.9627014582214183,0.8070175438596491,0.8877551020408163,0.8529411764705882,0.4166666666666667,0.16891688385786827,0.17602028843898987
Patient DP (sigma=0.05),3407,CGGA_external_val,0.8292682926829268,0.9531461303099602,0.86,0.9135802469135802,0.9024390243902439,0.6666666666666666,0.11906052534115147,0.14086677333674683
Client DP (sigma=0.05),3407,TCGA_test,1.0,1.0,1.0,1.0,1.0,1.0,0.0006543061788408459,0.010877424033113297
Client DP (sigma=0.05),3407,UPenn_external_test,0.7622549019607843,0.9683877054838084,0.8070175438596491,0.8865979381443299,0.8431372549019608,0.5,0.17211033099385367,0.18531832581914978
Client DP (sigma=0.05),3407,CGGA_external_val,0.8238482384823849,0.9492371924638605,0.84,0.9024390243902439,0.9024390243902439,0.5555555555555556,0.11821325173891058,0.1109258776715468
Patient DP (sigma=0.10),3407,TCGA_test,1.0,1.0,1.0,1.0,1.0,1.0,0.0006543061788408459,0.010877424033113297
Patient DP (sigma=0.10),3407,UPenn_external_test,0.7622549019607843,0.9683877054838084,0.8070175438596491,0.8865979381443299,0.8431372549019608,0.5,0.17211033099385367,0.18531832581914978
Patient DP (sigma=0.10),3407,CGGA_external_val,0.8238482384823849,0.9492371924638605,0.84,0.9024390243902439,0.9024390243902439,0.5555555555555556,0.11821325173891058,0.1109258776715468
Client DP (sigma=0.10),3407,TCGA_test,1.0,1.0,1.0,1.0,1.0,1.0,0.0005084549043631832,0.010258122920579349
Client DP (sigma=0.10),3407,UPenn_external_test,0.7450980392156863,0.9627573606982032,0.7719298245614035,0.8631578947368421,0.803921568627451,0.5,0.18451382052378099,0.2112586546094347
Client DP (sigma=0.10),3407,CGGA_external_val,0.8075880758807588,0.9395793591844769,0.84,0.8974358974358975,0.8536585365853658,0.7777777777777778,0.14048921420541827,0.15583985770401135
Patient DP (sigma=0.20),3407,TCGA_test,1.0,1.0,1.0,1.0,1.0,1.0,0.0005084549043631832,0.010258122920579349
Patient DP (sigma=0.20),3407,UPenn_external_test,0.7450980392156863,0.9627573606982032,0.7719298245614035,0.8631578947368421,0.803921568627451,0.5,0.18451382052378099,0.2112586546094347
Patient DP (sigma=0.20),3407,CGGA_external_val,0.8075880758807588,0.9395793591844769,0.84,0.8974358974358975,0.8536585365853658,0.7777777777777778,0.14048921420541827,0.15583985770401135
Client DP (sigma=0.20),3407,TCGA_test,1.0,1.0,1.0,1.0,1.0,1.0,0.0025704611124961764,0.019822415240929807
Client DP (sigma=0.20),3407,UPenn_external_test,0.7205882352941176,0.9577395044767206,0.8070175438596491,0.8877551020408163,0.8529411764705882,0.4166666666666667,0.16349921815400842,0.16087081458032346
Client DP (sigma=0.20),3407,CGGA_external_val,0.7452574525745258,0.9231459095484289,0.8,0.8780487804878049,0.8780487804878049,0.4444444444444444,0.1515088769014751,0.13980519565390323
Centralized LR,9999,TCGA_test,1.0,1.0,1.0,1.0,1.0,1.0,0.017253873478920243,0.08018668719031027
Centralized LR,9999,UPenn_external_test,0.7687908496732027,0.969094931599801,0.7894736842105263,0.8762886597938144,0.8333333333333334,0.4166666666666667,0.16206710199918095,0.1708517377495353
Centralized LR,9999,CGGA_external_val,0.8699186991869918,0.9693454744429928,0.86,0.9156626506024096,0.926829268292683,0.5555555555555556,0.1046430392734641,0.10801288971807686
Centralized RF,9999,TCGA_test,1.0,1.0,1.0,1.0,1.0,1.0,0.021752857597698027,0.11616672152620602
Centralized RF,9999,UPenn_external_test,0.7279411764705883,0.9618219555231975,0.7807017543859649,0.8717948717948718,0.8333333333333334,0.3333333333333333,0.14815662219726533,0.17796453678259228
Centralized RF,9999,CGGA_external_val,0.8563685636856369,0.9675764162060743,0.84,0.9047619047619048,0.926829268292683,0.4444444444444444,0.11612311623240056,0.1152716472780476
Centralized XGBoost,9999,TCGA_test,1.0,1.0,1.0,1.0,1.0,1.0,0.013038970701083188,0.07970120102653036
Centralized XGBoost,9999,UPenn_external_test,0.7344771241830065,0.9594271633324809,0.8245614035087719,0.9,0.8823529411764706,0.3333333333333333,0.14205330446299994,0.1327061144994539
Centralized XGBoost,9999,CGGA_external_val,0.8563685636856369,0.9683804930324915,0.8,0.8809523809523809,0.9024390243902439,0.3333333333333333,0.12079552202289456,0.0794565441273153
Centralized MLP,9999,TCGA_test,0.9985822306238186,0.999645529735017,0.9652173913043478,0.978021978021978,0.967391304347826,0.9565217391304348,0.024183343684594544,0.0588924803713246
Centralized MLP,9999,UPenn_external_test,0.6405228758169935,0.9439907726954054,0.7894736842105263,0.8762886597938144,0.8333333333333334,0.4166666666666667,0.18127430251666382,0.19990058602247557
Centralized MLP,9999,CGGA_external_val,0.7777777777777778,0.924037028226365,0.88,0.9285714285714286,0.9512195121951219,0.5555555555555556,0.1091777051984136,0.08190957905006702
FedAvg MLP,9999,TCGA_test,1.0,1.0,1.0,1.0,1.0,1.0,0.00041638060171743477,0.008489466948077997
FedAvg MLP,9999,UPenn_external_test,0.7165032679738562,0.9596429424422815,0.7982456140350878,0.883248730964467,0.8529411764705882,0.3333333333333333,0.17322448302508506,0.1707795548316445
FedAvg MLP,9999,CGGA_external_val,0.8292682926829268,0.9547920741196145,0.84,0.9047619047619048,0.926829268292683,0.4444444444444444,0.1311740653020273,0.15453101174507136
FedProx MLP (mu=0.01),9999,TCGA_test,1.0,1.0,0.991304347826087,0.994535519125683,0.9891304347826086,1.0,0.00731053902749462,0.027229197211373374
FedProx MLP (mu=0.01),9999,UPenn_external_test,0.7181372549019608,0.9592873465529049,0.7982456140350878,0.883248730964467,0.8529411764705882,0.3333333333333333,0.1672883648183017,0.1488614388093186
FedProx MLP (mu=0.01),9999,CGGA_external_val,0.8211382113821138,0.9495633716342868,0.86,0.9176470588235294,0.9512195121951219,0.4444444444444444,0.11180513129406043,0.1417967244377934
Patient DP (sigma=0.05),9999,TCGA_test,1.0,1.0,1.0,1.0,1.0,1.0,0.00014987536117093783,0.006665884390959729
Patient DP (sigma=0.05),9999,UPenn_external_test,0.7066993464052288,0.9575513271037548,0.8070175438596491,0.8888888888888888,0.8627450980392157,0.3333333333333333,0.16469275805646463,0.17460300313138974
Patient DP (sigma=0.05),9999,CGGA_external_val,0.8401084010840109,0.9643959034423558,0.86,0.9176470588235294,0.9512195121951219,0.4444444444444444,0.13462301255295084,0.151550609181801
Client DP (sigma=0.05),9999,TCGA_test,1.0,1.0,1.0,1.0,1.0,1.0,0.0003924674221372141,0.008061600929646083
Client DP (sigma=0.05),9999,UPenn_external_test,0.7279411764705882,0.9603915861799815,0.7982456140350878,0.883248730964467,0.8529411764705882,0.3333333333333333,0.15786265030508245,0.17972745834818452
Client DP (sigma=0.05),9999,CGGA_external_val,0.8157181571815719,0.9546549830647475,0.84,0.9047619047619048,0.926829268292683,0.4444444444444444,0.1341841156125943,0.1574234100363283
Patient DP (sigma=0.10),9999,TCGA_test,1.0,1.0,1.0,1.0,1.0,1.0,0.0003924674221372141,0.008061600929646083
Patient DP (sigma=0.10),9999,UPenn_external_test,0.7279411764705882,0.9603915861799815,0.7982456140350878,0.883248730964467,0.8529411764705882,0.3333333333333333,0.15786265030508245,0.17972745834818452
Patient DP (sigma=0.10),9999,CGGA_external_val,0.8157181571815719,0.9546549830647475,0.84,0.9047619047619048,0.926829268292683,0.4444444444444444,0.1341841156125943,0.1574234100363283
Client DP (sigma=0.10),9999,TCGA_test,1.0,1.0,0.991304347826087,0.9945945945945946,1.0,0.9565217391304348,0.006009767723032658,0.018658079268368453
Client DP (sigma=0.10),9999,UPenn_external_test,0.7377450980392156,0.9627452094248485,0.7982456140350878,0.883248730964467,0.8529411764705882,0.3333333333333333,0.15694093503681855,0.17181737040092246
Client DP (sigma=0.10),9999,CGGA_external_val,0.8428184281842818,0.9635870297827616,0.8,0.875,0.8536585365853658,0.5555555555555556,0.1619638988310253,0.1620301456246258
Patient DP (sigma=0.20),9999,TCGA_test,1.0,1.0,0.991304347826087,0.9945945945945946,1.0,0.9565217391304348,0.006009767723032658,0.018658079268368453
Patient DP (sigma=0.20),9999,UPenn_external_test,0.7377450980392156,0.9627452094248485,0.7982456140350878,0.883248730964467,0.8529411764705882,0.3333333333333333,0.15694093503681855,0.17181737040092246
Patient DP (sigma=0.20),9999,CGGA_external_val,0.8428184281842818,0.9635870297827616,0.8,0.875,0.8536585365853658,0.5555555555555556,0.1619638988310253,0.1620301456246258
Client DP (sigma=0.20),9999,TCGA_test,0.9877126654064272,0.9964583754364051,0.991304347826087,0.9945945945945946,1.0,0.9565217391304348,0.012462102298291424,0.011854601630233646
Client DP (sigma=0.20),9999,UPenn_external_test,0.7279411764705883,0.9515058319716345,0.8157894736842105,0.8934010152284264,0.8627450980392157,0.4166666666666667,0.15181475392576618,0.15153568453340377
Client DP (sigma=0.20),9999,CGGA_external_val,0.8130081300813008,0.9566860351147924,0.78,0.8641975308641975,0.8536585365853658,0.4444444444444444,0.17511706340451716,0.20156701424288537
