model,eval_set,n_seeds,roc_auc_mean,roc_auc_std,roc_auc_str,pr_auc_mean,pr_auc_std,pr_auc_str,accuracy_mean,accuracy_std,accuracy_str,f1_mean,f1_std,f1_str,sensitivity_mean,sensitivity_std,sensitivity_str,specificity_mean,specificity_std,specificity_str,brier_score_mean,brier_score_std,brier_score_str,ece_mean,ece_std,ece_str
Centralized Logistic Regression,TCGA_Locked_Test,5,0.65625,0.0,0.6562 +/- 0.0000,0.8891426373334268,0.0,0.8891 +/- 0.0000,0.8,0.0,0.8000 +/- 0.0000,0.888888888888889,1.2412670766236366e-16,0.8889 +/- 0.0000,1.0,0.0,1.0000 +/- 0.0000,0.0,0.0,0.0000 +/- 0.0000,0.1538142802931804,0.0,0.1538 +/- 0.0000,0.05122213839161999,0.0,0.0512 +/- 0.0000
Centralized Logistic Regression,UPenn_External_Test,5,0.4730392156862745,6.206335383118183e-17,0.4730 +/- 0.0000,0.8975361001289108,1.2412670766236366e-16,0.8975 +/- 0.0000,0.8859649122807017,0.0,0.8860 +/- 0.0000,0.9395348837209301,1.2412670766236366e-16,0.9395 +/- 0.0000,0.9901960784313726,0.0,0.9902 +/- 0.0000,0.0,0.0,0.0000 +/- 0.0000,0.10290013174072321,0.0,0.1029 +/- 0.0000,0.0636833899184079,0.0,0.0637 +/- 0.0000
Centralized MLP,TCGA_Locked_Test,5,0.59375,0.05846339666834283,0.5938 +/- 0.0585,0.8692508399430807,0.02788239829040682,0.8693 +/- 0.0279,0.7699999999999999,0.044721359549995836,0.7700 +/- 0.0447,0.8655462184873949,0.025900899172138565,0.8655 +/- 0.0259,0.925,0.02795084971874737,0.9250 +/- 0.0280,0.15,0.13693063937629155,0.1500 +/- 0.1369,0.19608413597893024,0.029838650626467546,0.1961 +/- 0.0298,0.214076680084972,0.032384189468575894,0.2141 +/- 0.0324
Centralized MLP,UPenn_External_Test,5,0.37483660130718954,0.048764997813468804,0.3748 +/- 0.0488,0.862642868121168,0.015915416399698307,0.8626 +/- 0.0159,0.8263157894736842,0.04179343596340911,0.8263 +/- 0.0418,0.9044442441944938,0.024850792120248807,0.9044 +/- 0.0249,0.9235294117647058,0.04671031078263371,0.9235 +/- 0.0467,0.0,0.0,0.0000 +/- 0.0000,0.1469389601743952,0.028546823159858032,0.1469 +/- 0.0285,0.16167478758968332,0.03863933176089581,0.1617 +/- 0.0386
Centralized Random Forest,TCGA_Locked_Test,5,0.696875,0.06111752254877483,0.6969 +/- 0.0611,0.9167218067987225,0.014294089221200821,0.9167 +/- 0.0143,0.8,0.0,0.8000 +/- 0.0000,0.888888888888889,1.2412670766236366e-16,0.8889 +/- 0.0000,1.0,0.0,1.0000 +/- 0.0000,0.0,0.0,0.0000 +/- 0.0000,0.1572650363930373,0.003664130572764553,0.1573 +/- 0.0037,0.08218311783118079,0.008436715183480936,0.0822 +/- 0.0084
Centralized Random Forest,UPenn_External_Test,5,0.36078431372549025,0.01396796023136179,0.3608 +/- 0.0140,0.8733756644201268,0.006911710150384905,0.8734 +/- 0.0069,0.8947368421052632,0.0,0.8947 +/- 0.0000,0.9444444444444444,0.0,0.9444 +/- 0.0000,1.0,0.0,1.0000 +/- 0.0000,0.0,0.0,0.0000 +/- 0.0000,0.10172401645147777,0.001454217659272784,0.1017 +/- 0.0015,0.04638350261373339,0.008529260283033137,0.0464 +/- 0.0085
Centralized XGBoost,TCGA_Locked_Test,5,0.75,0.0,0.7500 +/- 0.0000,0.9342834442389396,0.0,0.9343 +/- 0.0000,0.8,0.0,0.8000 +/- 0.0000,0.888888888888889,1.2412670766236366e-16,0.8889 +/- 0.0000,1.0,0.0,1.0000 +/- 0.0000,0.0,0.0,0.0000 +/- 0.0000,0.15059773441286772,0.0,0.1506 +/- 0.0000,0.06452357769012454,0.0,0.0645 +/- 0.0000
Centralized XGBoost,UPenn_External_Test,5,0.40441176470588236,0.0,0.4044 +/- 0.0000,0.8845781802957895,1.2412670766236366e-16,0.8846 +/- 0.0000,0.8859649122807017,0.0,0.8860 +/- 0.0000,0.9395348837209301,1.2412670766236366e-16,0.9395 +/- 0.0000,0.9901960784313726,0.0,0.9902 +/- 0.0000,0.0,0.0,0.0000 +/- 0.0000,0.1092461568543597,0.0,0.1092 +/- 0.0000,0.13011889734811952,0.0,0.1301 +/- 0.0000
Client DP (sigma=0.05),TCGA_Locked_Test,5,0.6,0.06111752254877483,0.6000 +/- 0.0611,0.8766746705199685,0.023676768858235917,0.8767 +/- 0.0237,0.8,0.0,0.8000 +/- 0.0000,0.888888888888889,1.2412670766236366e-16,0.8889 +/- 0.0000,1.0,0.0,1.0000 +/- 0.0000,0.0,0.0,0.0000 +/- 0.0000,0.1791733370621128,0.013247586695364097,0.1792 +/- 0.0132,0.1692554382979773,0.043403585988244925,0.1693 +/- 0.0434
Client DP (sigma=0.05),UPenn_External_Test,5,0.45326797385620915,0.03369243801420845,0.4533 +/- 0.0337,0.8969437245414053,0.007895027341207944,0.8969 +/- 0.0079,0.8771929824561402,0.01240538212607976,0.8772 +/- 0.0124,0.934428534053524,0.006969504875005424,0.9344 +/- 0.0070,0.9784313725490197,0.012782749814122845,0.9784 +/- 0.0128,0.016666666666666666,0.037267799624996496,0.0167 +/- 0.0373,0.1161391451594304,0.007880465045515326,0.1161 +/- 0.0079,0.11399899494170063,0.02826822141192787,0.1140 +/- 0.0283
Client DP (sigma=0.10),TCGA_Locked_Test,5,0.621875,0.14632543460553946,0.6219 +/- 0.1463,0.8867595424870967,0.05518953564991903,0.8868 +/- 0.0552,0.79,0.022360679774997918,0.7900 +/- 0.0224,0.8808080808080808,0.01806923618181645,0.8808 +/- 0.0181,0.975,0.05590169943749474,0.9750 +/- 0.0559,0.05,0.1118033988749895,0.0500 +/- 0.1118,0.16686552945320277,0.0042952528345736405,0.1669 +/- 0.0043,0.11413971088090107,0.01637717128468057,0.1141 +/- 0.0164
Client DP (sigma=0.10),UPenn_External_Test,5,0.4919934640522875,0.09401710031846258,0.4920 +/- 0.0940,0.8986236328201673,0.02235583770024083,0.8986 +/- 0.0224,0.8912280701754385,0.00480458383776463,0.8912 +/- 0.0048,0.9422709765491687,0.0025340935545984994,0.9423 +/- 0.0025,0.9921568627450981,0.00820254927974585,0.9922 +/- 0.0082,0.03333333333333333,0.07453559924999299,0.0333 +/- 0.0745,0.11734517616547087,0.018747442061481347,0.1173 +/- 0.0187,0.11563960794823851,0.055441055774277444,0.1156 +/- 0.0554
Client DP (sigma=0.20),TCGA_Locked_Test,5,0.678125,0.07378574345698496,0.6781 +/- 0.0738,0.9039803176592069,0.026706330770383094,0.9040 +/- 0.0267,0.63,0.1890767040118904,0.6300 +/- 0.1891,0.7047926329233044,0.23485513087083007,0.7048 +/- 0.2349,0.6875,0.3365728004459065,0.6875 +/- 0.3366,0.4,0.4541475531146238,0.4000 +/- 0.4541,0.27128711031241104,0.11247389463391236,0.2713 +/- 0.1125,0.30860287744639725,0.14291069651355479,0.3086 +/- 0.1429
Client DP (sigma=0.20),UPenn_External_Test,5,0.5848039215686276,0.11136073459076583,0.5848 +/- 0.1114,0.9239436726327181,0.0291138907442897,0.9239 +/- 0.0291,0.636842105263158,0.29957135685090275,0.6368 +/- 0.2996,0.714149498400469,0.28548297055741073,0.7141 +/- 0.2855,0.6725490196078432,0.3753506626527571,0.6725 +/- 0.3754,0.3333333333333333,0.377307714089059,0.3333 +/- 0.3773,0.26901201079166653,0.18587648192292963,0.2690 +/- 0.1859,0.31111283211653584,0.23408544560927855,0.3111 +/- 0.2341
FedAvg MLP,TCGA_Locked_Test,5,0.434375,0.10089927681851837,0.4344 +/- 0.1009,0.7882767589844796,0.04633810994427319,0.7883 +/- 0.0463,0.7799999999999999,0.05700877125495691,0.7800 +/- 0.0570,0.8745471521942111,0.0349865812301879,0.8745 +/- 0.0350,0.9625,0.05590169943749474,0.9625 +/- 0.0559,0.05,0.11180339887498951,0.0500 +/- 0.1118,0.2058630875234017,0.03605722456778098,0.2059 +/- 0.0361,0.2142687818213639,0.037869706426093684,0.2143 +/- 0.0379
FedAvg MLP,UPenn_External_Test,5,0.42205882352941176,0.0729818025288709,0.4221 +/- 0.0730,0.8834835494922532,0.026059857336160012,0.8835 +/- 0.0261,0.856140350877193,0.017099639201419253,0.8561 +/- 0.0171,0.922421803548564,0.009968941253793431,0.9224 +/- 0.0100,0.9568627450980391,0.019111361460409725,0.9569 +/- 0.0191,0.0,0.0,0.0000 +/- 0.0000,0.13401816611007977,0.011089483063802608,0.1340 +/- 0.0111,0.14232790088269512,0.015468748115658456,0.1423 +/- 0.0155
FedProx MLP (mu=0.01),TCGA_Locked_Test,5,0.509375,0.1068914461030442,0.5094 +/- 0.1069,0.8148870615216397,0.04892585222578283,0.8149 +/- 0.0489,0.82,0.04472135954999578,0.8200 +/- 0.0447,0.8980392156862745,0.024279968132034927,0.8980 +/- 0.0243,0.9875,0.02795084971874737,0.9875 +/- 0.0280,0.15,0.22360679774997894,0.1500 +/- 0.2236,0.17612706513081214,0.03278176206980674,0.1761 +/- 0.0328,0.17958166898426056,0.024824353896511803,0.1796 +/- 0.0248
FedProx MLP (mu=0.01),UPenn_External_Test,5,0.38398692810457524,0.08164213683238151,0.3840 +/- 0.0816,0.8746377500177237,0.02900237390234107,0.8746 +/- 0.0290,0.8456140350877192,0.018189860836252392,0.8456 +/- 0.0182,0.9160900390387733,0.010820558160221065,0.9161 +/- 0.0108,0.9431372549019608,0.022356380884296853,0.9431 +/- 0.0224,0.016666666666666666,0.037267799624996496,0.0167 +/- 0.0373,0.13763027784565662,0.014626048148931982,0.1376 +/- 0.0146,0.1436111090176277,0.018878952282197117,0.1436 +/- 0.0189
Patient DP (sigma=0.05),TCGA_Locked_Test,5,0.621875,0.12470668712021822,0.6219 +/- 0.1247,0.8698205607924068,0.06379157617119116,0.8698 +/- 0.0638,0.78,0.02738612787525833,0.7800 +/- 0.0274,0.8761904761904761,0.017388017698576702,0.8762 +/- 0.0174,0.975,0.03423265984407288,0.9750 +/- 0.0342,0.0,0.0,0.0000 +/- 0.0000,0.2119609630092477,0.030216103699942137,0.2120 +/- 0.0302,0.2129197621437675,0.02689351195074827,0.2129 +/- 0.0269
Patient DP (sigma=0.05),UPenn_External_Test,5,0.48643790849673196,0.0494351936794993,0.4864 +/- 0.0494,0.8988520613664285,0.01761955951638013,0.8989 +/- 0.0176,0.8350877192982455,0.0358470469152676,0.8351 +/- 0.0358,0.9096568866890271,0.021200692039896107,0.9097 +/- 0.0212,0.9313725490196079,0.03859807781378334,0.9314 +/- 0.0386,0.016666666666666666,0.037267799624996496,0.0167 +/- 0.0373,0.15683736655894398,0.029072891577685042,0.1568 +/- 0.0291,0.16442952326858248,0.030208535823850437,0.1644 +/- 0.0302
Patient DP (sigma=0.10),TCGA_Locked_Test,5,0.54375,0.15245388647063085,0.5437 +/- 0.1525,0.8374383703993805,0.06724347655624391,0.8374 +/- 0.0672,0.79,0.022360679774997918,0.7900 +/- 0.0224,0.8825396825396826,0.014197256999998664,0.8825 +/- 0.0142,0.9875,0.02795084971874737,0.9875 +/- 0.0280,0.0,0.0,0.0000 +/- 0.0000,0.206895277255992,0.02215170434267767,0.2069 +/- 0.0222,0.2062421541198546,0.021449645694916798,0.2062 +/- 0.0214
Patient DP (sigma=0.10),UPenn_External_Test,5,0.4666666666666667,0.07020061206620384,0.4667 +/- 0.0702,0.8987815622002266,0.019013694691617428,0.8988 +/- 0.0190,0.8649122807017544,0.010001538816659102,0.8649 +/- 0.0100,0.9274052876310698,0.005707728806137847,0.9274 +/- 0.0057,0.9647058823529411,0.011178190442148406,0.9647 +/- 0.0112,0.016666666666666666,0.037267799624996496,0.0167 +/- 0.0373,0.12753270829444485,0.009562928980844237,0.1275 +/- 0.0096,0.12689799767534465,0.006821183112481125,0.1269 +/- 0.0068
Patient DP (sigma=0.20),TCGA_Locked_Test,5,0.7125,0.0686433832390275,0.7125 +/- 0.0686,0.9185104131442173,0.026528371076948297,0.9185 +/- 0.0265,0.8,0.0,0.8000 +/- 0.0000,0.888888888888889,1.2412670766236366e-16,0.8889 +/- 0.0000,1.0,0.0,1.0000 +/- 0.0000,0.0,0.0,0.0000 +/- 0.0000,0.18809568964030093,0.010180167954069648,0.1881 +/- 0.0102,0.18861218313865366,0.0077383214031014995,0.1886 +/- 0.0077
Patient DP (sigma=0.20),UPenn_External_Test,5,0.4658496732026144,0.06741656605475442,0.4658 +/- 0.0674,0.89764603655556,0.018398911639484202,0.8976 +/- 0.0184,0.8929824561403509,0.007339123039772615,0.8930 +/- 0.0073,0.943359173126615,0.003924757537920872,0.9434 +/- 0.0039,0.996078431372549,0.005369828995148668,0.9961 +/- 0.0054,0.016666666666666666,0.037267799624996496,0.0167 +/- 0.0373,0.10442767889588311,0.004521518601799296,0.1044 +/- 0.0045,0.09462009889774677,0.007647551742322831,0.0946 +/- 0.0076
